727344064,DAINA,FASSETT,8614 LIPSEY PKWY,LEWISTON,55952
581993933,GIANNA,LAFAVE,5933 JAWORSKI RD,UTICA,55979
949638481,TERISA,BULLER,808 BLAZER BLVD,NEW GERMANY,55367
516133562,GAYNELLE,GLIDEWELL,1251 REVELL AVE,ELMORE,56027
699061261,KARENA,STANDRIDGE,9801 LOWTHER ST,ALDEN,56009
715174459,JACELYN,STCYR,6934 LAUDERDALE ST,MAPLE PLAIN,55576
935075668,BLOSSOM,ANDINO,3045 LIPSEY AVE,FDCI,56399
525322350,MARAGRET,CIMINO,4331 SQUIRE ST,NORWOOD YOUNG AMERIC,55473
703782023,MARIKO,KOWALCZYK,1235 DUDEK ST,IRON,55751
801876079,MENDY,HUNG,7975 COLQUITT RD,PONTO LAKE,56474
968576745,MILDA,CORUM,9422 TYNES ST,MINNESOTA LK,56068
827424168,IVELISSE,PAULUS,5253 RISINGER RD,MAPLEWOOD,55144
93015344,MITZIE,BENEDETTO,1461 MARCHETTI PKWY,EYOTA,55934
183229836,CLORINDA,VUONG,498 HUDNALL PKWY,MINNEAPOLIS,55406
204831563,YASUKO,GORDY,4172 MELNICK ST,WING RIVER,56481
360260254,MELDA,MULVEY,9501 LENHART ST,LAMOILLE,55987
447598208,APOLONIA,JOUBERT,1854 FASSETT PKWY,SAUM,56650
833517553,SAU,TAVAREZ,3493 LAFONTAINE ST,KILKENNY,56052
935158398,LATOYIA,COLQUITT,4999 RUEDA PKWY,PRESTON,55965
419405884,BRETT,MAUNEY,5693 RENSHAW PKWY,BIRCH BEACH,56686
715973879,SHANTELLE,REVELL,4308 RISLEY RD,BAGLEY,56621
804487108,AVERY,CLAYCOMB,5455 NEVINS AVE,STACY,55079
846661075,JOANNIE,MENEFEE,4350 HERTEL RD,JACOBSON,55752
151878613,KA,MULVEY,1006 GEBHART RD,SUNRISE,55056
988498289,LUETTA,LESHER,4838 CLARE PKWY,STUNTZ,55746
34796783,LATRISHA,WIGGS,3596 NEVINS RD,NEVIS,56467
642084802,CHERY,BIGGERS,8990 STRAHAN ST,MAPLE PLAIN,55593
910850002,JOSPHINE,KOWALCZYK,2239 RODRIQUES ST,SARATOGA,55972
501124907,MISS,TAVAREZ,70 SASS BLVD,SHOREVIEW,55126
16937946,YULANDA,LOWTHER,7174 HERSHEY ST,FRANCONIA,55074
85115382,ROXY,LENHART,4444 KNISLEY ST,DULUTH,55801
480705405,KENDA,GALLEGO,1971 TOLLE ST,MILACA,56353
406223434,WEN,PENNER,8925 LELAND PKWY,MINN,55440
156376760,CREOLA,BIGGERS,4027 COLQUITT PKWY,NOWTHEN,55330
968788518,YURI,DUSTIN,3001 SCHUTT ST,DOVRAY,56125
512299024,THORA,KNISLEY,834 MCCOMB ST,STANCHFIELD,55080
406320855,YASMINE,LINES,2569 AUBIN RD,WEST UNION,56378
701397724,TOMIKO,HUTH,5703 ANDRESS RD,ZERKEL,56621
149590284,TASIA,COLOMBO,8748 HOUSLEY BLVD,DODGE CENTER,55927
727344064,DAINA,FASSETT,8614 LIPSEY PKWY,LEWISTON,55952
581993933,GIANNA,LAFAVE,5933 JAWORSKI RD,UTICA,55979
949638481,TERISA,BULLER,808 BLAZER BLVD,NEW GERMANY,55367
516133562,GAYNELLE,GLIDEWELL,1251 REVELL AVE,ELMORE,56027
699061261,KARENA,STANDRIDGE,9801 LOWTHER ST,ALDEN,56009
715174459,JACELYN,STCYR,6934 LAUDERDALE ST,MAPLE PLAIN,55576
935075668,BLOSSOM,ANDINO,3045 LIPSEY AVE,FDCI,56399
525322350,MARAGRET,CIMINO,4331 SQUIRE ST,NORWOOD YOUNG AMERIC,55473
703782023,MARIKO,KOWALCZYK,1235 DUDEK ST,IRON,55751
801876079,MENDY,HUNG,7975 COLQUITT RD,PONTO LAKE,56474
968576745,MILDA,CORUM,9422 TYNES ST,MINNESOTA LK,56068
827424168,IVELISSE,PAULUS,5253 RISINGER RD,MAPLEWOOD,55144
93015344,MITZIE,BENEDETTO,1461 MARCHETTI PKWY,EYOTA,55934
183229836,CLORINDA,VUONG,498 HUDNALL PKWY,MINNEAPOLIS,55406
204831563,YASUKO,GORDY,4172 MELNICK ST,WING RIVER,56481
360260254,MELDA,MULVEY,9501 LENHART ST,LAMOILLE,55987
447598208,APOLONIA,JOUBERT,1854 FASSETT PKWY,SAUM,56650
833517553,SAU,TAVAREZ,3493 LAFONTAINE ST,KILKENNY,56052
935158398,LATOYIA,COLQUITT,4999 RUEDA PKWY,PRESTON,55965
419405884,BRETT,MAUNEY,5693 RENSHAW PKWY,BIRCH BEACH,56686
715973879,SHANTELLE,REVELL,4308 RISLEY RD,BAGLEY,56621
804487108,AVERY,CLAYCOMB,5455 NEVINS AVE,STACY,55079
846661075,JOANNIE,MENEFEE,4350 HERTEL RD,JACOBSON,55752
151878613,KA,MULVEY,1006 GEBHART RD,SUNRISE,55056
988498289,LUETTA,LESHER,4838 CLARE PKWY,STUNTZ,55746
34796783,LATRISHA,WIGGS,3596 NEVINS RD,NEVIS,56467
642084802,CHERY,BIGGERS,8990 STRAHAN ST,MAPLE PLAIN,55593
910850002,JOSPHINE,KOWALCZYK,2239 RODRIQUES ST,SARATOGA,55972
501124907,MISS,TAVAREZ,70 SASS BLVD,SHOREVIEW,55126
16937946,YULANDA,LOWTHER,7174 HERSHEY ST,FRANCONIA,55074
85115382,ROXY,LENHART,4444 KNISLEY ST,DULUTH,55801
480705405,KENDA,GALLEGO,1971 TOLLE ST,MILACA,56353
406223434,WEN,PENNER,8925 LELAND PKWY,MINN,55440
156376760,CREOLA,BIGGERS,4027 COLQUITT PKWY,NOWTHEN,55330
968788518,YURI,DUSTIN,3001 SCHUTT ST,DOVRAY,56125
512299024,THORA,KNISLEY,834 MCCOMB ST,STANCHFIELD,55080
406320855,YASMINE,LINES,2569 AUBIN RD,WEST UNION,56378
701397724,TOMIKO,HUTH,5703 ANDRESS RD,ZERKEL,56621
149590284,TASIA,COLOMBO,8748 HOUSLEY BLVD,DODGE CENTER,55927
727344064,DAINA,FASSETT,8614 LIPSEY PKWY,LEWISTON,55952
581993933,GIANNA,LAFAVE,5933 JAWORSKI RD,UTICA,55979
949638481,TERISA,BULLER,808 BLAZER BLVD,NEW GERMANY,55367
516133562,GAYNELLE,GLIDEWELL,1251 REVELL AVE,ELMORE,56027
699061261,KARENA,STANDRIDGE,9801 LOWTHER ST,ALDEN,56009
715174459,JACELYN,STCYR,6934 LAUDERDALE ST,MAPLE PLAIN,55576
935075668,BLOSSOM,ANDINO,3045 LIPSEY AVE,FDCI,56399
525322350,MARAGRET,CIMINO,4331 SQUIRE ST,NORWOOD YOUNG AMERIC,55473
703782023,MARIKO,KOWALCZYK,1235 DUDEK ST,IRON,55751
801876079,MENDY,HUNG,7975 COLQUITT RD,PONTO LAKE,56474
968576745,MILDA,CORUM,9422 TYNES ST,MINNESOTA LK,56068
827424168,IVELISSE,PAULUS,5253 RISINGER RD,MAPLEWOOD,55144
93015344,MITZIE,BENEDETTO,1461 MARCHETTI PKWY,EYOTA,55934
183229836,CLORINDA,VUONG,498 HUDNALL PKWY,MINNEAPOLIS,55406
204831563,YASUKO,GORDY,4172 MELNICK ST,WING RIVER,56481
360260254,MELDA,MULVEY,9501 LENHART ST,LAMOILLE,55987
447598208,APOLONIA,JOUBERT,1854 FASSETT PKWY,SAUM,56650
833517553,SAU,TAVAREZ,3493 LAFONTAINE ST,KILKENNY,56052
935158398,LATOYIA,COLQUITT,4999 RUEDA PKWY,PRESTON,55965
419405884,BRETT,MAUNEY,5693 RENSHAW PKWY,BIRCH BEACH,56686
715973879,SHANTELLE,REVELL,4308 RISLEY RD,BAGLEY,56621
804487108,AVERY,CLAYCOMB,5455 NEVINS AVE,STACY,55079
846661075,JOANNIE,MENEFEE,4350 HERTEL RD,JACOBSON,55752
151878613,KA,MULVEY,1006 GEBHART RD,SUNRISE,55056
988498289,LUETTA,LESHER,4838 CLARE PKWY,STUNTZ,55746
34796783,LATRISHA,WIGGS,3596 NEVINS RD,NEVIS,56467
642084802,CHERY,BIGGERS,8990 STRAHAN ST,MAPLE PLAIN,55593
910850002,JOSPHINE,KOWALCZYK,2239 RODRIQUES ST,SARATOGA,55972
501124907,MISS,TAVAREZ,70 SASS BLVD,SHOREVIEW,55126
16937946,YULANDA,LOWTHER,7174 HERSHEY ST,FRANCONIA,55074
85115382,ROXY,LENHART,4444 KNISLEY ST,DULUTH,55801
480705405,KENDA,GALLEGO,1971 TOLLE ST,MILACA,56353
406223434,WEN,PENNER,8925 LELAND PKWY,MINN,55440
156376760,CREOLA,BIGGERS,4027 COLQUITT PKWY,NOWTHEN,55330
968788518,YURI,DUSTIN,3001 SCHUTT ST,DOVRAY,56125
512299024,THORA,KNISLEY,834 MCCOMB ST,STANCHFIELD,55080
406320855,YASMINE,LINES,2569 AUBIN RD,WEST UNION,56378
701397724,TOMIKO,HUTH,5703 ANDRESS RD,ZERKEL,56621
149590284,TASIA,COLOMBO,8748 HOUSLEY BLVD,DODGE CENTER,55927
